solar_wind_speed,proton_density,magnetic_field_strength,event_occurred
424.83570765056163,7.099033154879003,7.974465175076856,1
393.0867849414408,6.386950524369153,9.566443987853447,1
432.3844269050346,5.089445554880261,7.622740237000116,0
476.15149282040124,4.029594833441639,9.07611541108288,1
388.2923312638332,6.047334970420385,4.319155999138643,0
388.293152152541,5.590228078132625,10.639881122118815,0
478.9606407753696,6.342789830041598,10.003616426086673,0
438.37173645764545,5.9527577025229546,7.548734106795428,0
376.5262807032524,6.574329072979003,11.977737005297215,0
427.1280021792982,4.1971471826591475,12.812710412879674,0
376.8291153593769,6.976091098451489,5.177320406893077,0
376.71351232148714,5.296399407038599,7.711825664301357,0
412.0981135783017,8.112891308937899,7.692572950638105,0
304.3359877671101,3.9662182728656483,7.180290696673406,0
313.75410837434833,7.603945704747874,12.488424525795246,0
371.88562353795135,5.296866175193972,9.418521583681589,1
349.3584439832788,4.022872994578328,9.206455476068168,1
415.71236662976366,4.274171248918518,3.9884129067797396,0
354.5987962239395,4.519479037708519,11.90625409062768,0
329.3848149332354,5.636248919602875,6.282224815439582,0
473.2824384460777,5.784253232053249,10.179797890798985,1
388.71118497567323,4.139449994092131,10.832130813874574,0
403.3764102343962,4.963468111608526,14.081975787515953,0
328.76259068932717,8.213405537917795,6.0735388026426635,0
372.78086377374086,7.591314755151068,0.941463532537524,0
405.5461294854933,5.654485504511048,10.551548634261085,0
342.45032112888487,5.057005217252301,15.401533544532562,1
418.7849009172836,5.1800469900773916,13.716839058818312,0
369.9680655040597,5.9202769590956255,10.628978245823877,0
385.41531251033615,3.4658111522023916,8.525091443103857,1
369.91466938853017,4.613935193864982,12.421367789911931,1
492.6139092254469,2.497123889183616,7.079361400886594,0
399.3251387631033,5.598834683907919,11.429073308068658,0
347.11445355220496,5.970793909554112,11.51641047749988,0
441.12724560515943,4.275220306550939,13.18062972249664,1
338.95781750144886,7.360980144935049,18.278980116733234,0
410.4431797502378,3.161351505496488,11.177247901536301,1
302.0164938060112,2.8034376796852696,8.473109122877503,0
333.59069755507846,5.336677727839958,9.923277063424017,0
409.8430617934562,6.570647453918232,4.692772285332645,0
436.92332899977055,7.525891537186803,7.915860606732825,0
408.56841405949854,4.31167360569659,8.772152685660688,0
394.217585880588,6.618021250146944,8.427734806196222,0
384.9448152205356,4.9422372957489396,10.457064616101166,0
326.07390048162864,4.74105905008877,7.5327402028533985,1
364.00778958026456,6.3254899062300085,13.363092001973413,0
376.9680614520106,5.978484317620129,10.000621194754592,0
452.8561113109458,2.635411764523626,9.972099036584156,0
417.18091447842306,7.214810524588843,9.016315850461247,0
311.8479922318633,7.0701370312211775,10.465572051576938,0
416.20419846973977,4.061655947735706,12.475294794002904,0
380.74588597918415,5.593705300156113,7.3986093528672985,1
366.1538999847021,5.7410452794241085,8.02565053277423,0
430.5838144420434,5.391010648735861,9.088821913670007,0
451.5499761247975,4.174542269231869,5.962387229580355,0
446.56400595580993,3.9925649480929226,7.542226420835506,0
358.0391238388681,4.961668893512832,8.571337379366023,0
384.53938120743925,6.759093528889047,12.623167542138184,1
416.5631715701782,5.8154002318916485,10.787683987005774,1
448.77725635611796,4.444078501870841,10.580769734102633,0
376.0412881077355,6.157548065972517,12.552693886503917,0
390.71705116680914,0.7271860690548868,9.58788463480181,0
344.6832512996986,6.723148550558156,11.171394549786669,0
340.18966879596644,2.3904293318328507,9.690334741202511,0
440.6262911197099,4.456338587895302,10.796087048198885,0
467.8120014285412,3.320495158060784,8.251724027165254,0
396.39949392098333,3.0579777864186415,2.6835485251707123,0
450.1766448946012,6.741240181067779,9.597162513441088,0
418.0818012523817,4.298448198032163,14.26824440829982,0
367.7440122697438,5.519755822596074,12.778646206724776,0
418.0697802754207,4.929619131681224,12.896192453773512,0
476.90182832329845,5.715561240834682,13.708392165418655,1
398.2086980445024,5.115232836590383,10.265972772884313,0
478.23218279070034,3.075511663717146,10.591947122216787,0
269.0127447955128,6.49440022917071,8.147044313696949,0
441.0951252187612,4.259365125258031,9.051781431918851,1
404.35235341190855,2.665127152010373,11.847313449313425,0
385.0496324767066,4.357827258551131,13.611653311506448,0
404.5880388267751,7.2511396859514665,9.581661172957002,0
300.62155426995537,6.27533261317024,8.649432205445766,0
389.0164056081244,4.477021798388211,10.001583876569791,1
417.85562857558733,4.476113443522356,11.803620246787345,0
473.8947022370758,4.5175474231739265,5.668435551599375,1
374.0864890863176,8.11512197534126,3.1114571405882856,1
359.57531985534064,5.57290317834733,8.34838945152525,1
374.91214782077316,5.645062470786605,6.337862722257524,0
445.7701058851037,6.545425181047763,8.475579407058067,0
416.43755548298424,5.35818373853977,9.556659043547585,0
373.51198981164805,4.611436781268945,8.640254772930959,0
425.6633716556678,4.705475226372533,14.357402603412236,0
404.853877467402,4.892598110878904,10.98023429380696,0
448.43224952664445,4.944166645235238,10.901423078832485,0
364.89734530613237,6.09144431545547,11.866621432130206,0
383.6168926701116,5.077918828710949,6.583500646657693,1
380.3945923433921,6.098960115823369,13.117335362260807,0
326.8242525933941,4.878925129837127,9.77270714039362,1
414.8060138532288,5.117952785474136,12.011441851723639,0
413.05276360899444,2.0026989732018388,6.784428300879534,1
400.255672832123,6.374491512053722,5.338723701951807,0
388.27064333124264,5.519732713846989,12.453668974075086,0
329.2314628974793,6.497015164789478,11.12922857829255,1
378.96773386173203,0.6556169327094663,7.293845336927468,0
382.8642741736615,8.132562057171091,7.391010756175917,1
359.88613653891906,4.790615557767239,13.376304353244308,0
391.93571441669957,6.662274225106275,6.431764321398017,0
420.2025428407269,3.440141109311704,14.92801885976789,0
494.3092950605265,5.919160857593854,7.298137796056394,0
408.72889064159193,3.419876655239516,11.91517577682515,0
412.8775195361382,4.064346558956292,9.014144572753047,0
396.2777042116916,7.871047030800179,11.80956229324703,0
304.06143923504794,4.71397639885498,8.367657993657422,0
398.67430622753915,5.326149309769584,9.511621281783118,1
403.01151049705135,6.305101596033131,10.122757526187163,1
523.1621056242643,5.743522831958907,6.993437632655581,0
390.3819517609439,5.225628357715364,12.222473036260379,0
415.07736711668065,5.547441503699338,8.460359300585244,0
398.26441151473784,8.605123377857414,9.314200253979944,0
341.5660981190234,4.913571804449622,7.016951876174463,1
457.14114072575103,5.301648570072452,2.3129990236140685,1
437.5966516343387,6.575981594011418,9.426916712199493,0
439.5515973521523,6.658288899436975,17.237846264838748,0
354.53062726026303,6.78054545834057,12.35381286369407,0
470.13971554680495,5.958095333043777,9.942218860796816,1
329.90744686038596,3.2854926309042747,9.211327512375197,0
429.3428546900135,7.450147298451644,10.067397678436139,0
509.5227812904989,3.280481910471968,11.64135734552563,0
350.4731837434656,5.453953197858549,6.457561554073465,0
371.6851135198614,3.8685862249709633,13.342965084006616,0
404.98256825438204,4.9037924801105115,12.146143946323733,1
374.82621729419003,5.493143615455221,12.154557177123802,0
322.4668284466934,5.482035823175409,11.315427216429182,0
403.42814874030137,5.632881131352927,10.05884997308197,0
346.88481431369473,7.420566903587971,12.01858370790046,0
423.6796215317591,5.68030145227097,11.775442401224135,0
354.02878828830984,4.633765047064027,8.937877867176928,0
477.496720250877,6.446130752432536,8.279194681309297,0
360.83733538318813,6.784205733386961,10.30556888578596,0
383.89692418971623,3.1585882772945113,14.647060454485562,0
440.6758608684835,5.896100104774787,6.282678773038297,0
338.45678417830226,6.051759113466348,5.59742420274268,1
411.37299673020647,4.553654744960012,10.49428252370955,0
465.3571377141214,7.063560219967429,10.152663105568054,0
319.6258382719386,4.77491661945121,10.520024993111225,0
409.2316929266152,5.188364680207314,10.7318595937255,0
412.9941397124212,4.740392263574195,9.330393236095585,0
439.0911435888655,5.023368571372202,14.469590315806247,0
338.1524644560959,3.355587369657197,5.197288064570453,0
333.9771693457862,2.8399236761085582,7.514508925659262,0
426.09707828084487,7.3917575948374585,9.690235719552858,0
414.8492336616593,3.729557977522508,5.070433566537498,1
412.52464251729384,3.5129114758155393,9.472436786703787,1
417.32241047484877,1.7699148295944278,14.984410497184054,0
365.99876392107547,4.041557378465747,10.062659464887885,0
411.61268485805016,3.0153653098887525,10.69210271715605,1
414.65362366493406,7.463022740204554,6.219505704482259,1
364.28242909868163,6.514725634013951,8.150915775881568,0
493.28872555723785,3.9677744822334144,8.874410859028188,0
423.6916460455894,8.378653708016463,9.046854709731297,0
340.4348251398676,6.472648230487391,13.844931385011307,0
432.8276804316915,4.512752924737066,11.673073182175374,0
351.26591648863393,1.2508914276896403,6.6656261291889045,0
439.3542301871226,8.436413858886112,10.739514335296015,0
457.9297789503702,2.915641299854606,11.494665245490356,0
358.9658840824145,2.5319018795646624,13.4204471155638,0
448.1688064622161,6.533855648014461,14.74162205970512,0
420.6390463468249,8.659628609508909,6.954717424516394,0
441.10300799972447,7.076409227765778,7.5674274663689856,0
494.8396491326974,5.84586368007854,6.227266423256151,0
387.73059419985645,5.892131512497929,9.297940422679055,1
362.3131917821255,6.280123338170462,11.399075123339003,0
355.5242785187238,6.138392884680147,12.962003549767307,0
359.2094857517281,5.421787135954064,9.772146929072433,0
396.1449145292948,5.156301655927814,9.040457430235469,0
417.0575987408322,4.9061103081507165,10.455273976746222,1
413.8345399665009,3.8690531166999858,7.494571295109931,0
441.3591624518012,4.578987384699839,16.26861616508432,0
400.65009459389535,2.460564778706922,5.177016918645824,0
472.67670385786585,4.852490559807875,10.554221736687174,0
386.7671583381022,3.5171133392736236,16.070818657688918,1
536.008458329481,3.344616024176344,10.020399533679994,1
431.2833673882503,5.269841226730218,9.429882894995517,0
357.1421221791859,7.088003429516899,8.927663731568718,0
346.4553750969444,6.377474909003469,9.458824954712776,1
424.12362076215925,2.6442490945652346,14.118545424029591,1
388.82686073370746,3.5155577951444936,3.3644142660114795,0
435.70002470460463,6.411156781982324,14.600301103888977,0
423.66188122867726,3.5262689096925355,5.728128542649564,0
396.3585543671564,4.663050275004463,9.200043012296756,1
357.6603140965798,5.825078148536828,8.712266739104015,0
324.25763876570676,3.547483317704547,11.76565980931216,0
377.67425239664897,5.15806325921894,5.205626944348757,0
442.8199397161736,2.9989617576226935,11.386517998245829,0
410.7046872065102,4.097948534073179,16.072928869860558,0
337.7130610644006,5.479672901213806,5.910477986221569,0
408.6590462925591,2.610509399702496,10.569118502831188,0
419.26586898644183,5.660712106940599,8.014053466610173,0
355.80712818994334,4.970543301609978,11.277661618579106,0
407.6862552972764,5.828734931625721,10.057443332247257,0
402.9104359223,5.335871201096992,8.075539272867072,0
342.85148510846886,7.046210644960766,11.463616854613221,1
417.88936801741414,5.187836753971861,15.413044329360229,0
428.0392263184117,4.355891688312121,9.427288624818104,0
454.1525621587638,5.183446254548426,12.159273826444545,0
452.69010260174514,5.814947043554582,6.120181126386509,0
331.1165316021454,5.073290105488557,7.130690869545974,0
353.10874800424386,5.060887536805824,11.417218833641133,0
425.75176336043296,3.947012468289867,14.452348085607895,0
425.68929754561043,4.0056486236735775,11.06684004635698,0
425.7523843153024,2.8960920923004596,9.060825908430537,0
592.6365745327361,7.624365114780409,9.997874216270063,0
428.54452553465836,3.1342051469130725,6.248776798090848,0
456.77828200902997,3.960642203306139,11.8135459790661,0
447.7000881746601,3.922389101646204,12.646999186970227,0
432.5695625652899,6.342386565416662,8.643729001500759,0
384.2365377679827,4.557575482561958,8.589873556721496,1
437.9484610246634,6.8716131090106005,10.797634688956146,1
361.3587392731214,3.989764063634197,8.689840791878213,0
388.15906966299957,5.418491243335703,9.801602156122533,0
375.7318226085448,3.746979420110364,16.299165367499548,0
404.09370696931614,8.217723691660083,9.25892289776201,0
515.7329283336754,3.218602371455731,8.924979543936333,0
306.6367403704126,5.464731065340541,8.057374583094523,1
434.31300951872566,5.950665321398148,12.23257591449981,0
319.3642064405174,5.620698646177248,9.45632748034569,1
376.4034067105283,4.722068511683437,8.051880885035722,0
454.4475298483683,4.805268950399861,13.963912096819037,0
403.21400095477316,5.065717207968665,14.258809013540912,0
346.1127611035347,4.779496997557267,8.198729302783885,0
364.23481453700157,6.445818675192364,4.4003801459181515,0
433.9798874467338,8.315784502387027,13.022541069510766,0
363.48166841414314,4.16376232248825,7.946110522719988,0
410.8229294790987,2.945295530631383,12.371876797488305,1
402.2785919951907,4.8675769274731175,4.089688546864494,0
367.4199826197091,8.869564006481479,12.677792014897928,1
507.19720446626627,3.794488148045404,6.366484212157657,1
431.6959511159006,7.458675208166101,12.192292357199573,0
298.74287066711963,7.516551221114661,10.042819203509302,0
409.3227157384714,4.169617637438008,7.138181741810065,0
366.9106767615806,5.853474618777913,8.778891061219658,1
442.6216667398112,7.442594934692807,12.058955370870102,0
360.37396307836497,4.43130838851877,10.317683359345702,0
394.26317792665503,4.694629459846458,11.753238941417452,0
425.24936394902284,4.127478629077034,15.929321753546457,0
443.2877597085061,3.4778649039606995,5.307275164866846,0
339.98517964721117,4.026083682400989,14.85163772490587,0
383.2749382079526,3.164089599856615,10.313067812569638,0
376.2527344419522,5.051125202388839,7.303647855030615,1
367.3335383713144,3.8450401534120373,6.009059122783031,0
488.27271201405483,5.350678867686121,9.4326388276689,1
420.2490855480478,2.666156530694559,12.764950335773378,0
336.95580228324775,5.496320348321685,9.617352638867397,1
445.8930973527388,6.250293442413387,14.533464790742043,0
506.10780985063167,2.009396536142817,5.646472929845324,0
451.62326302755736,5.561084854771358,9.963733156461837,0
324.03150170229935,6.841503488709938,6.242819666760643,1
375.78829635668745,3.185538471963192,11.090895647874904,0
463.34555745933113,7.508858580256555,12.6606621702919,1
364.61652671906097,5.6285285140490675,8.73771461895684,1
422.1909714073114,3.9424822163623867,2.1873584301185973,0
438.73170267146685,4.916346383513441,10.596844440389484,0
353.65347642109583,5.837490368782584,11.310215655200528,0
397.02373219691,5.114008087118617,11.212884264885092,0
237.93663299654636,5.808133988669554,13.707346575466463,1
348.7806179332855,3.6189896103809507,6.786838961052854,0
387.371592430342,5.254041236054117,12.040648316351348,0
337.6108409017575,2.8794282546425296,13.577522537433925,1
481.62056519658177,4.83316090797695,4.6642372479804495,0
328.49293110196834,3.6441385378028155,10.958955477756932,1
377.9977756651508,3.8967050861153503,8.487460506976985,0
406.53702886430455,6.854139762815656,9.755431980695063,0
472.06366445330576,6.636965180891403,11.043029450615009,0
328.206892441028,5.913707181360765,8.538314307659343,0
458.158187607748,3.3615308529911316,7.972875762515164,0
400.51165305097936,4.525387325457797,10.102457252464074,0
350.92456744760244,6.819646549968775,6.738262183411592,0
423.10517371316354,5.212575370459857,6.742524613344443,0
409.9529847786735,8.478994309972542,12.03811984886951,0
369.98915614206027,5.589976759091558,6.553617894524032,0
403.490104249501,5.288073674735047,11.998937502727635,0
380.73432015691196,4.536325303696248,11.387773878561854,0
405.6758672625624,5.200311357173423,4.822579813628209,0
433.10653372605236,4.771295245429184,7.967306042993035,0
479.3008408072676,6.062163015032885,13.582328209142117,0
338.10922505865756,6.435053475191876,7.056503406580955,0
506.65166873281333,3.8210158092380757,8.606787213071836,0
302.3956100238749,3.003150569663333,11.38618267975569,0
392.41074524822085,2.245691940345055,12.350171527847786,1
429.41586032422885,5.761986990368816,9.245383341866512,0
414.0495933867516,3.3449500907391894,8.207469415925075,0
368.8650240089703,1.7706641105712757,14.267109585095522,0
389.5938874821362,5.582867906796446,15.216698991392736,0
375.34995326705837,8.739499276149186,12.936574152345386,1
370.53176215278944,4.99089363269016,10.255954427695071,0
442.48010485105124,6.257736161677463,7.575202835077221,0
417.85077429825236,5.122744037821348,7.508666780330304,0
365.3545202369673,4.851665520213286,11.567542315797272,0
444.9799937716625,6.378614724481653,11.255194662666051,0
415.36497604383044,4.564588183717023,14.204795778839287,0
440.643105941948,5.401088471107855,11.951350277608418,0
431.4814420961806,5.48254670929402,5.490759094720546,0
358.5502494538964,3.997864319535427,13.155842853168757,0
371.99094799015154,6.488063524304784,7.005818118056761,0
437.36468025616307,4.737560364956887,8.848086184142945,0
430.5185132716732,3.8663822607607328,10.750600618755083,0
398.9549203017926,5.804764765355605,15.987002469351893,1
405.8663691654391,3.652298027313444,19.329755668016084,0
463.88324478942127,5.042271736053692,11.820169177408548,1
370.4214305582085,4.986321505033695,9.450410143838836,0
427.3548690585019,6.628843348747367,11.603516945441651,0
389.8903673783053,5.7120473493199295,12.662966277621507,0
389.115939838639,4.962459561882284,9.037997123328426,0
454.93884259935953,6.226649448800431,15.385634067736966,0
441.2708174494015,7.0853113235259695,10.690212277574206,0
440.67548180003195,5.8367154595277935,11.493229267274183,0
465.27394035771647,5.015528929765071,11.997772756163384,1
401.05019208163793,3.032245651474761,11.264759831843367,0
434.09764856474817,3.402329505386941,12.516821501408836,0
384.4866621703272,4.542162943467998,8.148240440359231,0
416.2083176244221,4.0857316967610755,8.325094738161908,0
393.49284728161575,4.7195430455218315,6.6995373010849155,0
404.8497982496359,5.084974887345661,11.318503691860679,0
429.75785127184565,5.794539131535096,12.336809510536343,1
359.0889658383264,4.894251832911364,11.373318598455658,0
504.619363784273,5.729752465739303,15.023477300042611,0
349.6991309250149,5.096711622215181,9.98321194351286,0
339.2905693606134,2.036800150469193,12.006224966777538,1
457.9055436750034,3.5909969092718685,6.724897371582057,0
439.5831346981468,4.783868666417577,8.838700892576798,0
431.2059908526078,3.1854578857383387,12.086613272697333,0
431.41727546321397,5.899893094994306,12.547306332229432,0
399.3876613576543,7.296126248515546,9.118099157007453,0
355.1372814257084,6.828142777545975,9.785202244425799,0
403.79022790968634,4.679835693604688,5.446378759957572,0
366.14191442439443,7.2360892052749275,8.928912397580172,0
448.7559866708876,5.2230011858031675,12.671149490559358,0
392.6471309248931,4.494371043322941,11.7256150483197,0
358.7251401603744,4.079896004688591,11.50199716414363,0
383.93070791735033,4.546295470267808,10.14932106154288,0
420.6465727137812,4.417734772188156,10.02118947588453,0
371.81377235980125,5.255624333563231,8.019036581579659,0
358.8889802216784,5.240860971574797,12.096485260607604,0
412.18436057459564,5.004569030230122,11.26291883316817,1
412.24832855543616,5.655407254619525,11.476056543978398,1
374.6528412314435,6.7859694121795116,8.421895471997258,0
376.44808471908385,6.4243312031619855,3.539971240386267,0
411.6024968678818,2.7726530473251447,13.291458135261088,0
327.5957829251338,1.169118297647068,8.563487631974787,0
329.62681128117225,6.40147986685891,7.411672707870638,0
364.0777889373782,2.9496819523768685,12.08043673574198,0
389.32764241440765,4.662851897160975,8.82396208024261,0
415.5453782799002,3.244830460910961,13.179809152139866,0
473.7678108474776,2.2970293436299705,11.851017848730093,0
442.88298116010094,5.812194092307182,12.050707969601433,0
392.0030735018286,6.13873274045397,5.902132866398397,0
399.04918960486555,4.135234398909921,13.635831956159201,0
349.87353176810956,1.1134365617826352,10.783751593701568,1
399.0743432003805,4.180633327621276,8.892168582261391,1
385.56706805399307,5.58770600810382,10.430165402026754,0
416.1359280169045,2.7816326468388066,4.67129430130504,0
358.63845282238384,5.275039879668734,11.225958434442013,0
425.9673257120586,4.977035226240507,6.9118854754537855,0
476.6369456501289,5.8689372494016325,5.941989142469397,0
394.5619925771571,5.17937055262123,5.432922441346326,0
420.0855861049471,3.540396588677667,13.338065124969775,0
434.5071995855556,6.794857252496737,8.112209818921635,0
379.93897640570816,4.762205640459545,14.601183129749497,0
411.20462409052084,4.959043190735102,8.392595610843106,0
400.62962003908973,3.600098061390206,4.87792612722116,0
404.8838049274416,4.335076623212735,6.650426680154022,0
361.3495108072267,3.6727959289596486,13.707434860020816,1
401.22550871294715,4.740580910114866,9.532305466189998,0
424.8999145622725,7.567562720213515,8.355138110528197,0
472.5571803897521,2.9421482856029657,10.480054677558362,1
447.96354130426033,2.5796579031848883,11.505348208502635,1
507.65912287557785,7.206755491240413,13.352196447707382,0
361.6326218555975,4.686014484272201,14.34549768967878,1
443.6160318360339,3.996390892010125,8.920694062632743,0
409.1671002869176,6.559857031094115,6.021856941753885,0
509.4901466608836,4.091576690394704,8.759604516630173,0
359.5850857322424,7.739014570320404,10.780841519748659,0
358.0139078909612,6.016888807008904,7.108723221368168,0
370.0303677277989,4.268132887781446,7.128547255314871,0
293.80521378450965,8.235962319898256,11.031363644649657,0
373.71224891596194,4.091427615494992,9.854042945288647,0
362.0433669223151,6.113143058013961,10.09839098623476,0
407.5196893238104,5.448938870609738,7.724513995899791,0
417.087798788858,6.952611934098197,9.308797857382698,0
493.8085419607943,7.3422667950902785,7.227300567195087,0
447.5211919093025,5.04800622359865,12.67059523337436,0
371.15481721687985,3.869873194480725,13.105748004171257,1
355.07926643258213,5.689958214408675,4.4614364132857185,0
424.5959585753253,3.983426945371841,7.21146741942277,0
333.9883396489679,8.020080871289935,5.510412234729763,0
491.5729382927177,5.204802996624106,8.049928196779305,0
458.97200603606433,4.452017673031837,9.749686090628918,0
376.5412173947648,5.277020458797363,5.6510643409044095,0
314.3432735454561,2.9793105657054553,7.234420560624061,0
467.69361870827066,3.5425789422340226,6.988127883755505,0
394.2730077373691,6.800620861916638,10.621801988196832,1
461.8908155986731,4.014658581542906,10.208033011108752,0
320.27861706028165,3.4296335259770907,7.834787339988241,0
370.03124885231136,5.804979128790929,10.530462616418195,1
400.26218498590913,6.778556231994496,8.359959746238204,0
402.3490296882371,6.0784299659976,9.18503466902184,0
377.4967264260378,6.494071528708725,15.020356270895611,0
431.14249661737495,3.8648073671458087,14.021383155371044,0
346.61897853087027,2.8672839998872344,6.101256289217207,0
392.8810257489353,7.25200047793323,12.489197253637524,0
406.01478158559496,4.515980241736797,12.434189663474776,0
425.72194170293744,4.623750475317429,6.555210133742145,0
435.5807439044445,6.992291212773587,12.456332931264582,0
343.76789540810654,5.83434501410099,14.613795755237659,0
323.2942914632189,5.683831658122411,6.632365581266758,0
463.88384109492546,8.247503517351626,7.2474915369572095,1
416.6157005989796,4.034722654429785,13.052984400530507,0
362.5756731721723,6.391760192121856,10.814485932476945,0
477.55759877612616,5.085519687345627,11.65442882571857,0
405.78373171464295,5.402888418294886,11.02176764920149,0
458.96485920319134,7.292702639618797,11.172087762784432,0
403.37592407050545,5.761753634434435,6.0205836150667515,0
503.03739624409934,5.807444118574449,13.141953119864345,1
487.7670421221602,6.608761005964704,13.50876997728332,1
387.5517925760463,4.452570905685672,9.311827767795917,0
448.5785475477178,3.7411854989914906,9.869569150558412,0
432.2687974792574,3.4327862089684498,5.406677492332833,0
468.43157787661744,2.0504651159359972,11.542764268053505,0
351.7538269709948,8.084310694910483,11.716172325142432,0
434.30257299992195,3.345187451417475,9.813426949002068,0
452.9212243424794,4.6681195646213425,13.373060079611509,0
312.06302567884427,4.584780050166619,8.997768307060179,0
340.83707436671125,5.461110046713651,11.6938177776808,0
298.038391111995,6.223605818808945,6.9410069839236535,1
386.5296582777721,6.2907102325396185,9.929343547377286,0
435.8771127897981,4.125383842146592,9.476937226291492,0
475.1178526048014,4.749317429320382,10.675923766122825,0
403.70473902098877,5.42386992573245,8.891419213499924,0
481.4307772785646,4.62696331072468,9.605582212984997,0
330.99492708925544,7.411018364029989,12.47814151432452,0
314.83087803224225,5.7364624274573774,8.689707288285348,0
397.22261505516906,6.102316679074726,5.180268697783962,0
419.20327244696534,5.994321903001119,15.248751712616261,0
398.36526259529535,6.760210786227987,14.144362236071458,0
296.6278949980062,5.27153233805556,6.123211914683144,0
395.5439980243606,3.05475207806623,12.069123415735582,1
334.7765249747573,5.599531927628963,8.49107568834597,0
433.48362744150194,4.022964659312256,10.79046164599318,0
418.3299123048424,4.207074977375365,10.882672387040481,0
353.0060106836322,5.87954602813264,9.296776599051034,1
374.30665413316535,6.857424607150453,7.6487030032408105,0
347.0393239055524,5.031907365104092,7.928376843051222,0
396.8660451363414,5.463249518898445,7.251424253556273,0
447.7571160250619,7.553322416952857,7.504533375308666,0
350.7136976832228,5.361129769232853,9.798465129851934,0
425.20232577589223,8.902524671270593,7.852720032667745,0
373.48711908137795,5.848264468447316,12.04615619713786,1
360.3563583868828,2.3588558612662736,14.461738466007782,0
394.6484820022721,6.130012431656799,8.259840275889871,0
348.2378838790313,5.571737577324167,10.718213501606131,0
372.3175347326409,6.934629131124119,11.499055330908801,0
340.1061053705576,6.009772026904938,11.416006812757823,1
498.2362566458195,4.792316024024339,10.227865803748262,0
401.7631775985864,3.1635526455659515,12.228047255079167,0
365.0137246003707,4.686465114070963,11.446746858041971,0
410.6989955367111,3.7242193186860497,6.2870127330181065,0
394.3835975154585,4.129214825292916,12.607468193167819,0
388.95152002333884,5.8828676066309145,12.661872511800226,0
430.7083350021713,7.50485675652711,7.710141687464255,1
437.87538550236525,5.592007294734472,10.113813506342806,1
373.4749426194736,3.2061754069472235,12.049986978433209,0
371.209087967766,5.666904002330211,9.372058541261914,1
386.2474151424178,6.794947229968477,13.218934143298036,0
284.90394176322076,4.085325643520926,17.09161748385808,0
324.2404468900724,4.798974249990623,7.642041902095053,0
468.34371337222626,5.022032292093796,5.856866190538676,0
482.2483856750642,3.82265253037664,10.911455786814628,0
387.5481980221811,5.972420650765788,12.16468751537843,0
428.8278481527883,4.818577777088327,9.307400878465693,0
415.5625077271768,5.629298665860541,14.359781989963103,0
553.9440404227619,3.66876173329685,5.984182600830254,0
455.97874557172884,4.343812549514884,12.078755869094834,0
393.6041204259617,6.083572036741657,8.18241753772332,0
352.22297796997873,4.440750271862349,15.15813371862189,0
319.6776839871214,7.590445776850108,15.977546059504355,0
410.17318179336115,4.400545721578096,7.7000302366499564,0
362.18246273578484,5.337027088627829,8.35132859227426,1
328.8873145201163,6.398886247809635,12.578763660939405,0
367.67135578787367,2.8724514006004522,8.838608050631457,0
345.92259981928026,2.358786782028836,9.863766346203285,1
484.3570817536282,2.711515528144858,10.07616526162723,0
444.08198784747253,6.893876155140774,4.240980531407031,0
399.6013679341691,4.172212781161329,9.958486761717289,0
473.9972069445013,8.837298928502378,7.930816677807479,1
403.86841538238093,4.153628602013917,8.520631532800683,0
356.9357899335868,5.276826954795555,14.330896010406443,0
476.15620386348286,7.313164928851814,6.2304793171622315,0
426.9455021842329,8.009139332238684,12.439615560243933,0
348.1376922836772,8.092255364954596,9.163111209004574,0
390.4830660958196,6.812549345889714,9.160719494512497,0
356.21908733076214,6.536093788717194,12.371115688155134,0
330.8600134517832,5.888790423801774,11.020153883706671,1
446.3088773765821,6.167541614249957,11.711838991658592,0
495.47083202350655,4.1732214255072,12.904553981598584,0
330.07162130904294,3.772701674866539,9.006074850450032,1
428.1484618345285,4.994938313883572,8.16328979647675,0
367.46787154390864,4.744723066212607,6.7445484203266055,0
375.6437308117652,4.320157926009087,7.523768410063134,0
370.38030378805655,6.044581171185073,18.847283275926173,1
356.8004615160092,6.432957812855766,13.73403874221036,0
402.4260813972414,5.132610329437771,5.9467769013759355,0
358.4524941794481,7.216295121582893,6.032626129769289,1
413.5228412889919,3.2874663287997423,11.445598185155475,0
397.4880945275431,4.709510811080423,11.641794392133901,1
388.0525976566795,3.9247665190957925,11.646651505952093,1
354.6218168979201,2.20019507439041,9.235132619338906,0
371.16143347158334,4.875978971235951,9.623637219991299,0
437.7695612912878,4.8173787374250745,10.983638572478073,0
425.04585938121903,7.270174614863197,10.25767901887999,0
351.12223776007244,5.946217526832166,3.3420988817573942,0
404.9666152714613,3.4637197635061927,9.310601108274419,0
437.5693561685895,7.781138849501282,7.445780697219059,1
316.5297359439314,6.83155054328803,10.525634256725535,0
427.16800961899673,5.873146555202924,18.95577700781023,0
366.86881205270765,4.660273851725252,11.102444996422914,1
428.52993342965794,3.5608411449147805,9.059410941482806,1
361.83704217287413,4.4416898358934205,12.765404505931757,0
309.75589496677406,6.633122929556279,11.448063661627637,1
318.6228781058419,7.826879458901914,11.260283471355525,0
402.4042473330691,7.3148652924082835,11.820551779647014,1
412.9861250860741,4.266725867320589,16.169630694488625,0
354.78416874477955,3.3205738500664834,6.607334694022253,0
431.9296229388687,5.211329370366806,11.420896230434364,0
316.923996886552,2.3473409516557227,7.220856610055385,0
396.6960100676342,5.484751571277172,11.666537939026744,0
339.44919001187714,4.778596120551997,7.243940465541717,0
367.40819460989206,4.300945247197637,8.747899559184747,0
402.3699335658207,2.607945399099807,9.114730257286281,1
356.97933173580236,5.770400159854574,12.927450158034127,0
380.7722227885087,4.200948740507133,12.75536333182724,0
450.31464046072205,3.245124746434568,6.262847870660846,0
371.15540652384254,0.691606680077526,10.164802332999546,0
441.7846056032571,4.958727642424045,7.8712604357524825,1
343.5146572671191,7.658377395004616,6.224485267973996,1
426.4902088957641,7.491888821821805,9.348948848726888,0
472.078431032895,4.314355615120592,9.074551634632542,0
276.41777499363553,4.096681909457329,17.280149459036565,0
360.1552372264762,5.703161384112535,11.298879476082089,0
428.853606359027,3.5024218412175627,5.867147497737288,1
389.84773069785035,5.452687849729199,8.305677987487172,0
418.5572936685654,6.149120417577036,13.064149886288195,0
369.80074066420894,6.840399835826462,16.265328318609775,0
404.329489373645,4.849768885280071,5.2420500632861255,0
392.21613823039604,4.694489374734551,4.360226844582865,1
458.38910308299035,3.6830261198651586,15.612895526115347,0
412.7210421650607,3.75967946894021,11.168842532112711,0
416.8801331037601,4.66028166214771,7.3951218043709,0
379.4061516938766,5.551048260224267,11.603887258367307,0
375.6196887963753,6.370376939349875,2.092756782949367,0
378.372090609019,3.795231573979483,10.010126519791482,0
419.7226071189148,7.239032853439283,10.983463518529256,0
378.95077595898687,4.593314598436147,12.772810418613489,0
414.48874284482065,4.967949058477346,6.958312143122387,0
503.77003993227197,3.879182481278265,10.257061484210077,0
443.5562351715846,1.3636396095905878,7.2237261218212385,0
383.69882339160796,6.326068094541575,10.766151267022952,0
460.06069610819725,6.10526584563865,7.313961032910928,0
379.5962313489224,4.57800866432268,8.775697482519337,0
298.09377324110733,5.100486075837308,7.012553815629313,0
349.5956844541298,5.773908826556149,11.953408725470972,0
306.4604039487072,2.6561812146701858,12.575353349969996,0
382.42432579793456,4.206420983980558,9.29613829012776,0
400.9209189594776,6.19139701943274,10.114713984880085,0
483.82186561376415,3.1185658652461257,5.654225756099367,0
416.34636868820814,5.440336898249944,9.100970055979639,0
389.0449735595568,2.965127293064892,9.849386148874766,0
441.47027905917446,5.699644973650289,17.862379273089925,0
289.44323454960573,4.946537776553774,6.664098922677509,1
411.7807279054283,2.5773022761417357,14.392531716257313,0
438.54325969434836,6.747109031685757,12.990576320397423,0
326.0706877110079,3.898112634802926,10.841909213470409,0
457.1877021603465,3.7846213444784285,15.2758614525854,0
416.9248203747207,5.300853795846415,11.116316417820588,0
379.2356043049599,6.722956024143073,11.167477587003786,0
431.63909330531425,3.4762672715324046,9.840638040947365,1
513.5346428902199,5.092519774771957,13.670706647255884,0
409.09331275292476,5.643224750495859,13.289407701432651,1
412.4110293150168,6.039658410894717,8.122968137511362,0
377.0319550229878,5.2646623329158375,6.042258416203698,0
357.5077815267604,4.449458241375017,9.391058087813029,0
441.5167908272123,3.7586146690269207,7.599884306807061,0
357.1958087045566,5.129215824569562,9.809426276153935,0
403.5783118609696,3.3917914820215898,13.712314404052417,0
376.1171276617442,0.6179742747580885,8.62809503473963,0
423.9489912873196,5.654839706236501,9.871529856065276,1
416.68310526434743,6.355902261629293,10.174068204425186,1
451.87699721289493,1.4556013466872422,12.545292646615854,0
374.49918005726266,3.485403942935094,3.259331998046184,0
386.5062532353314,5.928731391507797,8.17989911570411,0
351.0618142108846,8.086243204567548,10.633851076838418,0
377.7853369961944,5.031190561513112,13.600236869280584,0
418.8650246522426,3.9079955881562984,8.524292657481384,0
437.8494308322676,4.72565533834274,4.370341881874378,0
353.8917337911187,7.062314628722277,11.859134337898409,0
443.480296005283,4.031053731313197,8.093912833523111,1
467.78189294024753,3.8012119900246195,6.431000022728917,0
420.6717451611851,4.275884716726951,8.126963830860328,1
493.8397906279033,3.5700070876119314,9.446423927032452,0
361.3105400448213,5.184005473992193,8.18576600638536,0
337.76726483442917,7.437017687704341,3.383301828702793,0
311.0639875547861,5.484618909674044,12.691198590661397,0
474.8022155744592,4.621469746810568,13.824625123836167,0
432.71828281770286,4.562283096626684,11.954565974018518,0
397.22076645447726,2.6552137869550143,6.58694298872555,0
413.998431315991,6.324664665720738,9.395525398157446,0
343.72554763508117,4.883244204480797,9.980436054311626,0
522.2875989808413,4.729280129614062,11.79638316868573,0
406.4610590987614,9.789661351767291,12.005021466154243,0
405.46973973024467,5.44812936254853,7.797478603664513,0
436.2883311949346,3.8723134248572233,10.245986669240681,0
424.05046158683564,4.360463605691685,11.371841213845723,0
411.19420121395655,6.722668563795132,14.3674669664403,1
360.4762772277344,5.1699056158066465,12.11351961947417,0
423.5734178567998,2.84258303252395,12.367170062126558,0
494.1012248237517,6.378843401862805,10.251479883788083,0
467.27100230774886,3.9977838716915093,14.231377435610511,0
479.65933133196984,7.8099466643263185,11.229288387878492,0
374.43921617844074,6.620072098571972,7.416736269479289,0
350.519758987071,4.329017156511873,14.210109910375571,0
393.7106539950176,6.921524542602669,12.093709817617082,0
402.78624561443473,5.101783265791105,8.670867936614552,0
454.70957592354745,6.27916051268333,8.56152109780227,0
315.376768514259,5.727099225941712,10.889726635422285,0
476.4775159730307,3.7304650175136898,11.389554385802754,1
392.0996050710505,4.034675251523807,10.591876796893619,0
378.655946502629,6.544941226371742,10.933926020328654,0
349.3947812369916,4.497837001840189,15.099872123729142,0
317.2571664067115,4.394527305137005,13.214629456704657,0
441.1585291980957,3.5673161309759704,10.571906773795073,1
403.66589835942017,5.635398598390191,12.823931742302449,0
335.5019550129473,8.093787378864718,6.902428289417381,1
335.2460613968192,3.398700628618591,11.193781149840426,1
383.2107650354936,5.036329185009137,15.42791904919933,0
483.45107626446963,7.118330833123144,9.34586231382288,0
387.02043243181976,4.880537913131428,7.4570982141427455,0
324.8428523440947,5.678557694374601,8.043733334220818,1
387.7128467957028,3.40640970777968,6.7311008879728345,0
386.3638215126165,5.6424606458114726,7.645714275616889,0
265.1556678529214,4.719283602493177,8.888475704229913,0
397.2852566741094,6.478594993519795,5.783298942464074,0
388.45327348956613,6.781079077347127,10.04685500184881,0
434.81031824067094,8.88434546302792,12.706831521359941,0
492.44780474726724,5.869449759820363,7.2767314595592385,1
456.3282514773879,5.48869447487325,14.557851770925307,1
386.5555654722585,5.291576452366004,11.532376265582784,1
344.6737045629165,4.470250560783968,13.091741756872171,0
528.667990162493,5.507725765192537,8.02649633844359,0
402.96092170072444,4.556897884791455,12.563575681199847,0
400.6964645956473,5.252691464404421,6.724198298814061,0
398.79374564449984,6.976396303411939,12.670742502509526,0
409.90423803839275,3.4901861520805384,10.515518019380593,0
392.7819794038029,6.709817841693568,11.659753659954351,0
371.3168996559882,6.975672601009798,6.473216183125445,1
372.6570529379804,4.822897209513382,7.314790473170186,0
398.36233648920006,1.8172176514871081,11.791684654760154,0
372.82876144331175,4.0882670193583515,7.154955987327398,0
364.35771086614176,6.9454918198416635,11.38961887629737,0
405.3215113845948,4.965697906551677,5.898586580619263,0
387.2511391289572,3.5010466515576337,12.544522638000004,1
475.1996494291344,4.242837618157674,6.302430055694472,1
267.4515095803494,6.260930039756829,11.656899813038569,1
454.5753425961231,5.8201003523020685,11.876892800938002,1
462.30425962488147,4.641601851245459,7.909684544711276,0
296.3304883795925,4.449763382277968,11.74607970125418,0
382.8656202959826,4.412362776434267,10.781326790000668,0
381.4279567002104,3.616384723252246,8.383474431421785,0
329.62441526410896,7.423063534204163,6.974335947771376,0
361.1091656204562,4.51651929618299,4.112122924982263,0
344.47120772670854,6.825737781238245,11.04895014189908,0
487.6135221711811,7.281974077883677,5.305591685913835,0
446.7839196573731,6.49746634722194,10.286032598323924,0
463.57775474970794,4.352569530922928,9.209655351753252,0
436.0836032021617,5.605595135504914,12.037428326314586,0
343.54741143913856,4.963706590413626,9.093863501530407,0
373.7739866860113,3.6444472089048077,9.011656640958726,0
424.4687280613959,5.486538922582405,12.195612112864886,0
338.89360955540275,3.231440313260296,11.005174087252353,0
435.6499215086194,6.781519082692346,10.948467871548335,0
387.98373009209325,4.30307405405241,11.40780276942558,0
381.25895962252014,5.301739483809259,5.393283630378683,0
435.54799841017456,5.424931807319213,12.270366039960946,0
422.21316557430197,4.611642539443884,11.837406382040808,0
381.95169170904603,5.880040702212912,6.9499506142705085,0
457.96649016821243,4.287644515066213,9.267758578977396,0
345.9468336200051,6.306945946185866,9.882078137117107,0
430.7967803472132,2.981030479629877,9.596509646794802,0
429.6550628984192,5.189569369319618,11.001579899705604,0
384.5226780343005,7.908393498587428,14.29410034549355,0
416.3066511121059,3.499503013091638,13.245300183018486,0
337.44432118073485,3.9833825442127226,6.063342419705782,0
446.20135096034505,5.770861774488372,11.866209970918145,0
390.75489317785053,5.269372672909397,13.986799958606229,0
373.86384897404804,5.525945148910338,11.160425562067608,0
452.4504612918445,5.733780695221495,13.272941275557901,0
364.782815472862,5.9520822028426545,16.036811337102296,0
329.576935181822,6.664549762934335,13.071128638320944,0
322.1685413238048,5.6147279853927685,10.747925786925187,0
430.300497567282,4.638113518072187,13.13526542225426,0
335.97853237518586,6.008860551804097,10.434663499290673,0
487.7397090992182,7.849822902342823,10.071709129854867,1
295.9035296058139,4.801049380426139,8.945757292858803,0
484.8228184145019,3.538206042994038,14.690240076496325,0
410.55087336013094,6.660621003930459,7.544714002173996,0
395.1643444064804,4.819428254069603,14.597103174034348,0
372.7540456595525,1.740995680978946,11.499592371221114,0
419.9568057176035,6.271132515725633,5.802081475594175,0
398.1182648787576,4.197007721069116,11.102947878974264,0
455.1650941008261,4.864200076543759,3.6999204770451275,1
405.71138243310196,5.497970495853522,11.876524050493106,0
407.51508807309386,5.2857495196686,12.655694448966972,0
381.8193893893072,6.064177725708559,8.22293213304384,1
397.15271881394665,4.346770444145235,10.370643087866746,0
415.39008844460295,5.769658697264124,15.86247230125086,1
314.4915803671687,4.610679983624125,8.48275988721419,0
332.59072889471435,6.108215721331255,6.823277238830198,1
437.1632047011357,5.92305122601958,14.444990207387796,0
408.5432719063971,3.596841946933107,15.887761571592385,0
390.80083318236603,6.628973174262549,10.011087015543541,1
400.92169665326963,4.196054832328928,13.034389106225069,0
417.37908526808354,6.212086697421718,14.024427746592643,0
373.0120159845319,5.550930970102011,7.772547302384848,0
361.08476372988434,7.757275515192684,8.544082493896395,0
409.79226275488406,4.6648010264422215,13.692623539464204,0
351.0813611192484,4.4760248058227035,15.055042836125528,0
420.4126377857236,4.970870591168401,11.688642580523064,0
314.87081978810795,4.545230325748587,7.360556939493837,0
451.4577818662822,6.199912852913075,15.961183335098323,0
423.6298741206522,2.575534087345118,8.407087306564106,0
412.8014867156938,3.419476371280469,8.994586656485644,0
449.1345491972757,3.3982956176312102,11.027013503468865,0
483.27372222312886,6.425461387960364,14.662481262144322,0
450.7185032509065,7.565920058872888,12.56192792965667,0
307.95628843341774,4.843326172193793,11.24459650108573,0
336.02115166321494,4.746767415214984,11.389865590354319,0
368.75907111521605,5.105078244669772,10.130544005930398,0
401.30455251054167,6.742817453912286,11.674418543555518,1
425.88295102345614,3.608970298714139,2.4113197669170905,0
363.71280934232675,5.357553474102177,9.110177622790605,0
409.3383382238539,6.462796444673645,10.723965804750343,0
362.23085338233386,5.751641254909768,6.5469577491414785,0
369.4241098504026,5.284372424898115,11.15896995343468,1
329.6669451575889,6.501569138850712,9.386586337041635,0
353.83833769445476,0.9451515605011442,15.26642709494647,0
332.41576971918334,6.016812979296361,14.719059175644569,1
351.20633735113336,4.0188864753088644,8.602583292645512,0
452.682089830392,2.2540506547153147,9.547486865299915,0
352.53005555840286,5.766803899287471,9.778157303174822,0
531.6191032418695,7.060487817744437,8.645021571521132,0
424.6658950440445,4.793827228058462,10.58507495208438,1
409.2418061847437,6.429311820804408,7.725153793337229,1
357.0821109909393,7.418417386982968,6.608153995187421,0
435.0154939704496,6.972371680376071,11.868133671700805,0
371.21810868811133,7.459946794057089,11.888588752665433,1
406.1004907322681,6.113191236607838,7.587052721020023,0
528.0042269134398,5.113150458352389,12.686066292287798,0
395.1970050137675,2.597051282154247,8.105266812504006,1
457.4636663142838,4.630906267805077,10.759495714113944,0
364.84117874370565,3.7351301070257126,12.461032037837368,0
398.2505754751519,8.25641407624672,9.899162305888861,0
488.5400317817755,4.736171281351495,11.364222736423404,1
368.65164711061163,5.184807210176729,8.450711068337284,0
490.62242789984646,5.8272280640607015,9.410600249715708,0
435.38759677277375,5.06540366955868,9.38242170735898,0
371.8766612052866,7.542576560646129,7.760264960379283,0
431.6203869527761,4.066025957398322,9.469677510652653,0
448.6277224813365,5.2919111828558645,5.35414510340876,0
431.0904981108598,3.8862941214529276,8.526538758573686,0
321.48876400547715,3.019966233168941,9.145373519890988,0
363.64314120875656,4.082346363642072,9.23146074251386,1
387.62406822242474,4.944444804427382,9.275507662387664,0
396.2783285449977,4.35604666322411,9.814707400419612,1
431.0336048775339,3.9613685301892163,11.438324554258191,0
408.8850500466627,2.890523804492249,12.623551222397568,0
333.2327820644949,4.875341641056957,8.0507043194552,0
419.00989255029816,2.7429194389534968,6.390397433832566,0
430.52928726419117,6.140083945534403,6.873866763270691,1
427.989522396552,5.123659629401755,8.538391236415219,0
454.0390362777311,2.813672750802604,8.944236046550472,0
441.6961077274452,4.536186384425205,7.690011801407628,0
422.95900396142184,3.871765391614125,6.111650007250317,0
396.4917144270677,5.478761765628771,8.631637517577435,0
316.9519533242004,7.0106756690347165,10.544279860341915,0
421.4809109566293,2.187241295531383,11.785088397506694,0
410.38438435815556,5.172539118721126,8.327730840675036,0
413.5789418597687,4.7598008066500395,8.761006533569699,0
336.16257120898456,6.0070101146756985,7.219905073458068,0
345.94717297958687,5.319794942356534,9.905682488875671,0
452.6576426666452,3.8720460023917713,7.454714097427557,0
398.02224230716723,4.521419096500073,11.7193834397236,0
434.07503486863123,3.8059612147947663,4.642400524197667,0
401.41591880652305,6.614010707897897,8.921110982642613,0
401.48780697478725,5.031967473007914,10.903322017575226,0
446.9141902987999,7.851786028629511,10.551503548967514,1
374.1977635891313,4.909008779278069,18.079100991941488,0
404.8060388470492,3.9373898496343056,11.049400073703723,0
376.8862355647479,2.729428411080759,6.987836209473969,1
378.2751886283842,2.2952904856160825,9.71360725873278,1
384.541393826568,2.6237960854917652,4.671260999600644,0
411.10668858168566,5.400689976517225,9.758200752109717,1
376.06256891682614,5.7630875348449,7.500831828997724,0
462.78780627867604,2.6282139469517998,12.746170826680485,0
355.2696348890248,6.342557471114173,8.351379176213396,0
390.65641779193203,4.2754084224748405,9.64970225261426,0
378.01344708629125,5.220189517978324,8.093326475786789,0
472.3488942176866,7.418330942383136,15.216554055559994,0
409.8277388255787,6.345258973798298,9.036271701646266,0
451.59222697343176,4.597204028141252,15.497671130437606,1
325.7219813481514,3.663211661877069,12.4424552863548,1
413.35251329346295,1.7722768980060426,11.446200182006159,0
444.4815397811719,3.92127002113637,11.106199441952558,1
404.11419946377123,4.6833046417584585,11.181391894648755,1
453.27401875326757,3.519230709273224,4.21698226196317,0
374.13557749498136,4.803114549361543,9.163349817547731,0
470.46737200927896,5.115277824438152,12.535473913552964,0
514.9449061809626,4.662716027287882,9.853308449577684,1
381.85807197801705,4.02499612876481,5.784430459589275,0
377.7248739299614,5.2529820079500915,9.842786648267591,0
472.66922385588504,5.662910974354114,15.112316548766474,0
478.97860728653563,3.364401383835731,13.740675146604158,0
373.8569986423366,7.116398569619405,9.813987971901906,0
378.99065914520713,4.852117801573607,12.854347831174259,0
385.9107695569746,5.028274434417272,8.900478938895844,0
332.77747444828617,6.062321634884835,4.8883852395198435,1
354.0674026757901,5.349824196895252,7.226602035611337,1
349.7929616623966,6.429704950869867,14.688666305524594,0
361.61012174479356,5.430686247802736,9.178020754512087,1
398.2657556306609,4.0813439380393435,9.269848061874946,0
411.710736626826,5.542255287809152,9.100485411175358,0
477.52502464070386,3.2844106890190075,15.71240976871902,0
350.08229796306046,5.162839558664785,14.87787674608619,1
449.2161199238292,4.950155014033308,16.6563407003444,1
389.3005577887246,4.687824714091191,9.522864368799846,0
397.52681451737834,4.807193732841604,10.886873466241285,1
433.7409746083302,2.1772264317535415,5.450072351737626,0
343.86389892188504,4.176912638388558,14.430803278354823,0
419.12048730920253,5.1392673517116725,6.496661346196195,0
408.3226104106528,5.239784587996101,10.650326691287887,0
424.62256320040746,3.458487288611063,6.708092417101468,0
414.4584321953909,6.898561761297051,8.233399519783912,1
522.7650069955447,3.7007377276782485,7.488212706850899,0
368.1130007874342,6.454185800790105,8.176374217972546,0
373.45015224990914,5.640791542807527,8.382631890553064,0
368.8429736787618,4.0306590352342955,8.355193615224769,0
372.22614404198725,7.662966338914268,12.500001735340922,1
368.13064363467413,3.20954475236528,6.68541162081244,0
459.4508265553776,6.378731260415002,10.6616242810416,0
471.0252123994927,6.500873477064467,13.653877456916675,1
371.46268531252616,3.994069686385033,8.460410906459812,0
358.38222134478855,7.088697950096494,7.846243327757195,0
423.5707778193202,4.6249302281015705,9.308426124459247,0
372.38884778595144,5.4330404439197855,13.53917562508213,0
431.6465908877755,5.390482758156831,10.582322892860073,0
410.146151042565,4.798536887794178,8.406357116177205,0
324.2127942501384,6.216212409739673,11.451629953564119,1
477.3752600665031,6.190233080828319,6.69312355049073,1
489.7938836547761,2.3772020401427287,12.044078531328843,0
369.3605654757807,6.956510364317229,11.225821923105302,0
380.6149220032008,2.5062620179464883,9.076574586583348,1
414.29326953624525,6.5488193065124864,7.4842426046583075,0
416.72283949935127,6.690057705241375,7.339957233149628,0
432.92721363364154,3.3635503546772028,11.60445200903773,0
500.5102269383175,4.383778568068123,13.686941507467186,1
391.1526386252975,3.3414429972710966,8.088076758913616,0
360.0851377730773,4.677618454566897,11.375160110654452,0
331.03403859927363,4.537948573721388,3.7389189441937933,0
363.45349800290404,6.169490798404009,8.246146808028401,1
398.34365135631015,6.965463119179413,9.906823201387294,0
489.7278931758894,7.093525716184934,7.270949749054499,1
374.1194350481914,4.156747960132547,7.190480875631212,0
411.18939758194495,4.686167189383208,7.996661330593342,0
399.1788551963624,2.4748427116685745,10.87657818497912,0
459.4196636724042,3.791194900255717,9.438012944780876,0
526.3466212936811,6.447277449646187,3.285306300025084,1
373.45656135398394,7.423374235322347,3.637899542094802,0
375.5280278740889,3.148476692180117,8.179404466428474,0
452.2080438534536,4.1113036112706585,11.373059758160656,0
434.0945744813156,4.96039136456161,1.757485471824296,0
492.3353662868017,5.42024173822941,8.500809471545107,0
429.1964092662982,3.7855947201175306,8.421256430447738,0
382.035395460647,5.636091566696135,14.165013334625343,1
429.53274153461547,4.289240979393626,8.84493456486141,0
455.4351790291454,4.9783215936825815,11.148966954222786,0
441.0241090598682,5.819426372005549,10.42377142026239,0
425.3637015553649,5.009633404716407,3.6083005605783978,0
453.3337344794577,4.345421164210147,12.304621649895212,0
458.4647795222836,4.835585294111254,10.646189516368864,1
469.10794955187635,4.867455561191997,11.52480591902377,0
432.4354943794821,4.444983455176809,21.778713119308982,0
391.6440959841573,4.611805905999346,3.7476611815042347,0
407.3356843216661,7.3979707557570755,15.174089949283324,1
460.3254483254178,5.841379171911858,9.137657441798932,0
359.1532164506382,4.556779522956259,10.861986713209028,0
418.43366544364505,6.045431606766103,9.863463264096273,0
380.33305938363196,4.499270765365985,8.72729099980587,0
401.43724114674086,6.759686956379962,8.290501215283724,0
463.92259313036493,5.554463288297141,10.988526206719028,0
409.55495340099515,4.839046783993656,5.448478909984963,0
402.32182740780746,5.671575388715416,12.251737502565296,0
332.0071929510041,2.643685771897251,8.751416785344238,1
437.312678301361,3.309848796635292,6.609791982878926,0
432.2742090570538,3.209112490401417,8.64996142601256,0
508.16273616527303,5.21441464214556,13.771447650587719,0
384.61108825235,7.598772499227637,8.393994738951331,0
410.95751638319695,8.34695021928895,11.07536085462886,0
412.46918418553776,5.957076652161136,7.80713117285358,0
478.8726639881737,5.751266712416685,12.273765549770859,0
395.23522338065237,2.2984133987708915,12.056523216370612,0
413.95107628851696,4.185989300398967,15.545826499889234,1
430.39482548582697,3.8183243721376416,9.473308163502354,0
409.33045615781793,4.068728602623326,12.00596441427372,1
377.6783192724736,4.747784272122816,10.294202618616834,0
409.70449964491536,4.291864133454309,13.887615345589044,0
453.6815874929886,2.0310502844363185,7.8435028371738085,0
348.674235029447,6.121865384176301,12.235015938631843,0
406.6484837073438,3.3908854613902903,9.415908111649955,0
364.99395925304134,5.3588702961667245,9.807435468674507,0
459.7523314462421,8.11112400462496,10.275257453345118,1
323.8406547608113,3.620923112620365,10.756721189280032,1
372.0539076364206,1.2045687158805052,9.651312870634126,0
418.86059375322606,4.570993667179834,10.644139549511578,0
478.27620146171705,6.651439452497857,14.734354172686555,0
396.7124869463506,7.937521181330891,12.956349056845655,0
372.24002366534006,3.1556756083213746,12.60746377749069,0
494.0578534720295,5.745048834854782,8.633381421928387,1
327.5993049791878,4.30203431482992,7.3322775153150275,0
290.0597021689959,4.841077468543796,12.865901674713259,0
422.00072250266663,8.966515020525552,12.628140377589382,0
374.89728878236946,2.74554450740727,14.418012027252946,0
348.93835914346437,5.38060949224186,8.188058122092311,0
435.41782236496766,5.70153975764815,9.311354033918958,0
412.19003568855993,6.628679487409021,5.081547512423698,0
371.7960684631636,5.1469747302063436,8.82258668181738,0
335.9847800664553,5.462075809256153,12.989711531738342,0
443.62286641400726,4.412527148867313,8.600513862315406,1
432.51005889793305,5.403690411867661,11.921439385602472,0
395.04120681103086,4.485211586753884,9.428490682006565,0
492.3318498023833,5.932357834784076,10.972171084664682,0
346.49576168369236,4.445584495934549,6.5569258305529985,0
323.72374145376307,5.56565059085328,10.255628348901704,0
365.4045965059378,4.956105779472533,1.0265920872978302,1
397.72069918222513,6.689075376158252,9.439311525514045,0
412.1669724661346,4.922909414617271,5.108580268854579,0
387.9381971071835,2.340451297689678,13.617983549640448,0
417.60276982571486,6.892882251070987,12.332222058293533,0
337.4230287904778,3.641401548706072,11.400012945898244,1
472.18823020366295,4.019350492026771,14.563018681478141,1
395.89244108037155,4.106508058934762,7.153250437525488,0
455.86479157940636,7.061657139756226,15.242089593746675,0
417.1362673188852,1.796488679031957,12.796574692781155,0
422.8376609576892,9.70662280048999,9.290334138343162,1
428.4883640116102,6.584085213599078,13.406860441548833,0
422.3854280008658,5.334858371193739,6.681119462765097,1
432.1361379933772,4.91765899907557,7.526457515416979,0
466.4576265066216,5.428331112286485,8.174230830280898,0
409.82605848507353,5.781683642569007,8.413066875807955,0
435.4501878794256,5.967823378925085,6.830327071719242,1
395.51321528563864,5.833406699005173,13.669249201285975,1
472.0058607724736,5.134371021882873,9.223436798890505,0
366.1803848970365,4.7039923695390105,11.057514905070638,0
490.0470216455408,4.773090074519732,8.288945900758959,0
397.99210246778284,4.707637579470979,4.538190098354448,0
328.4612448940976,6.700655145300597,10.810172075174266,0
406.40522074553945,5.890335083421293,4.2632350737406695,0
365.94741712625597,0.5894170480035799,9.794097861743595,1
442.0321774494362,5.9838511647946415,5.895054883501569,0
367.36880103488045,5.292104292078163,15.961827997692424,1
377.69082833926103,4.971936865331154,12.734088166524165,0
305.52296345272345,4.417222320366672,10.317261373814441,0
377.38468403754615,6.68616907997902,13.791120032964006,0
278.8060336685522,6.421289693184287,7.461052067602792,0
320.80485882571384,3.8406834982645863,11.630438136010278,0
438.02073280721487,5.610578430686803,10.599431301156141,0
439.2900079325416,3.542514898188071,10.79206024400101,0
421.27287808924825,2.9305727528166043,13.817060500320304,0
351.6511928435393,4.059924163115053,12.197476308339407,0
397.614432192901,6.293590208574138,10.86617098847507,0
399.8198730454716,6.42968756806413,5.035337691315112,1
342.0817655403729,5.769628130145939,7.119861114161608,1
475.1699150883575,6.087643680271996,9.631873199212828,0
443.86811452878356,5.774267430672437,10.280117122829953,0
388.9517913085168,4.037777607165571,6.609388825978229,0
401.34429194972654,5.647883817010911,17.235030026735263,1
410.41914039737765,6.200614287841523,14.549182165760719,0
297.9132565787855,6.131436994720362,11.806354961177451,0
387.64113087397016,6.783370057211965,10.216110583851234,0
365.90078760011005,6.062455770801596,9.363373090296545,0
349.91899950525425,5.527172311312374,7.144244619933293,0
385.9449853557023,6.605225357474641,10.232441555556587,0
489.88432634247613,4.96021811112641,10.773257620428252,0
432.0421430633505,3.6771880231584233,6.274718273555127,0
371.4410505108602,4.755399554084354,11.002529251734693,0
428.62913906780796,3.8826460327903263,9.534222853525753,0
